id,name,city,latitude,longitude,dpcapacity,online_date
2,Buckingham Fountain,Chicago,41.876393,-87.620328,27,2013-06-10 10:43:00
3,Shedd Aquarium,Chicago,41.86722596,-87.61535539,55,2013-06-10 10:44:00
4,Burnham Harbor,Chicago,41.856268,-87.613348,23,2013-06-10 10:46:00
5,State St & Harrison St,Chicago,41.874053,-87.627716,23,2013-06-10 10:46:00
6,Dusable Harbor,Chicago,41.885040999999994,-87.612794,39,2013-06-10 11:18:00
7,Field Blvd & South Water St,Chicago,41.88634906,-87.61751655,19,2013-06-19 10:00:00
9,Leavitt St & Archer Ave,Chicago,41.82879202,-87.68060446,19,2013-06-21 09:33:00
11,Jeffery Blvd & 71st St,Chicago,41.76663824,-87.57645011,11,2013-06-21 09:39:00
12,South Shore Dr & 71st St,Chicago,41.76640946,-87.56568757,15,2013-06-21 10:00:00
13,Wilton Ave & Diversey Pkwy,Chicago,41.932418,-87.65270500000001,27,2013-06-22 18:29:00
14,Morgan St & 18th St,Chicago,41.858086,-87.651073,15,2013-06-22 18:33:00
15,Racine Ave & 18th St,Chicago,41.858166,-87.65649499999999,15,2013-06-22 18:35:00
16,Paulina Ave & North Ave,Chicago,41.910337,-87.67007199999999,15,2013-06-22 18:55:00
17,Honore St & Division St,Chicago,41.903119000000004,-87.673935,23,2013-06-22 18:58:00
18,Wacker Dr & Washington St,Chicago,41.883132,-87.637321,19,2013-06-22 19:00:00
19,Loomis St & Taylor St (*),Chicago,41.869417,-87.660996,16,2013-06-22 19:03:00
20,Sheffield Ave & Kingsbury St,Chicago,41.910522,-87.65310600000001,15,2013-06-22 19:04:00
21,Aberdeen St & Jackson Blvd,Chicago,41.87772613,-87.65478743,15,2013-06-22 19:07:00
22,May St & Taylor St,Chicago,41.8694821,-87.6554864,15,2013-06-22 19:09:00
23,Orleans St & Elm St (*),Chicago,41.902924,-87.637715,16,2013-06-22 20:20:00
24,Fairbanks Ct & Grand Ave,Chicago,41.89186,-87.62062,15,2013-06-22 20:23:00
25,Michigan Ave & Pearson St,Chicago,41.897659999999995,-87.62351,23,2013-06-22 20:26:00
26,McClurg Ct & Illinois St,Chicago,41.890359000000004,-87.617532,31,2013-06-22 20:28:00
27,Larrabee St & North Ave,Chicago,41.91021,-87.6435,19,2013-06-22 20:31:00
28,Larrabee St & Menomonee St,Chicago,41.91468,-87.64331999999999,15,2013-06-22 20:38:00
29,Noble St & Milwaukee Ave,Chicago,41.90068,-87.6626,15,2013-06-22 20:52:00
30,Ashland Ave & Augusta Blvd,Chicago,41.899643,-87.6677,15,2013-06-22 20:54:00
31,Franklin St & Chicago Ave,Chicago,41.896776,-87.635633,23,2013-06-22 20:58:00
32,Racine Ave & Congress Pkwy,Chicago,41.87464,-87.65703,19,2013-06-22 21:00:00
33,State St & Van Buren St,Chicago,41.877181,-87.627844,27,2013-06-22 21:06:00
34,Cannon Dr & Fullerton Ave,Chicago,41.92675599,-87.63442878,15,2013-06-22 21:09:00
35,Streeter Dr & Grand Ave,Chicago,41.892278000000005,-87.612043,47,2013-06-22 21:12:00
36,Franklin St & Jackson Blvd,Chicago,41.87770796,-87.63532114,39,2013-06-24 23:34:00
37,Dearborn St & Adams St,Chicago,41.87935636,-87.62979104,19,2013-06-25 01:12:00
38,Clark St & Lake St,Chicago,41.88602083,-87.63087606,27,2013-06-25 01:43:00
39,Wabash Ave & Adams St,Chicago,41.87947235,-87.62568861,23,2013-06-25 01:44:00
40,LaSalle St & Adams St,Chicago,41.87934437,-87.63198522,15,2013-06-25 01:44:00
41,Federal St & Polk St,Chicago,41.87207763,-87.62954377,19,2013-06-25 01:44:00
42,Wabash Ave & Cermak Rd,Chicago,41.852619,-87.626488,11,2013-06-25 07:38:00
43,Michigan Ave & Washington St,Chicago,41.88389277,-87.62464914,43,2013-06-25 10:57:00
44,State St & Randolph St,Chicago,41.8847302,-87.62773357,27,2013-06-25 10:59:00
45,Michigan Ave & Congress Pkwy,Chicago,41.876243,-87.624426,15,2013-06-25 11:01:00
46,Wells St & Walton St,Chicago,41.89993001,-87.63443007,19,2013-06-25 11:03:00
47,State St & Kinzie St,Chicago,41.889187,-87.62775400000001,31,2013-06-25 11:04:00
48,Larrabee St & Kingsbury St,Chicago,41.897764,-87.642884,39,2013-06-25 11:20:00
49,Dearborn St & Monroe St,Chicago,41.88131982,-87.62952092,39,2013-06-25 11:21:00
50,Clark St & Congress Pkwy,Chicago,41.87593267,-87.63058454,27,2013-06-25 11:23:00
51,Clark St & Randolph St,Chicago,41.88457623,-87.63188991,39,2013-06-25 11:24:00
52,Michigan Ave & Lake St,Chicago,41.886024,-87.624117,31,2013-06-25 11:25:00
53,LaSalle (Wells) St & Huron St,Chicago,41.894882,-87.632326,27,2013-06-25 11:27:00
54,Ogden Ave & Chicago Ave,Chicago,41.89636246,-87.65406127,19,2013-06-25 11:28:00
55,Halsted St & Roosevelt Rd,Chicago,41.867323999999996,-87.648625,23,2013-06-25 11:33:00
56,Desplaines St & Kinzie St,Chicago,41.88871604,-87.64444785,27,2013-06-25 11:50:00
57,Clinton St & Roosevelt Rd,Chicago,41.86711778,-87.64108796,15,2013-06-25 11:54:00
58,Marshfield Ave & Cortland St,Chicago,41.916017,-87.668879,23,2013-06-25 11:57:00
59,Wabash Ave & Roosevelt Rd,Chicago,41.867227,-87.625961,23,2013-06-25 12:06:00
60,Dayton St & North Ave,Chicago,41.91057803,-87.64942193,19,2013-06-25 12:08:00
61,Wood St & Milwaukee Ave,Chicago,41.907655,-87.672552,19,2013-06-25 12:09:00
62,McCormick Place,Chicago,41.85137517,-87.61883465,27,2013-06-25 12:13:00
66,Clinton St & Lake St,Chicago,41.885637,-87.641823,23,2013-06-25 12:21:00
67,Sheffield Ave & Fullerton Ave,Chicago,41.92560188,-87.65370804,19,2013-06-25 12:23:00
68,Clinton St & Tilden St,Chicago,41.875885,-87.640795,23,2013-06-25 12:52:00
69,Damen Ave & Pierce Ave,Chicago,41.90939601,-87.67769193,19,2013-06-25 12:53:00
71,Morgan St & Lake St,Chicago,41.88548331,-87.65230486,23,2013-06-25 12:55:00
72,Wabash Ave & 16th St,Chicago,41.860384,-87.625813,39,2013-06-25 12:56:00
73,Jefferson St & Monroe St,Chicago,41.880421999999996,-87.642746,19,2013-06-25 13:08:00
74,Kingsbury St & Erie St,Chicago,41.893882,-87.641711,23,2013-06-26 12:19:00
75,Canal St & Jackson Blvd,Chicago,41.877245,-87.63936600000001,31,2013-06-26 15:21:00
76,Lake Shore Dr & Monroe St,Chicago,41.880958,-87.616743,39,2013-06-26 15:26:00
77,Clinton St & Madison St,Chicago,41.882242,-87.64106600000001,31,2013-06-26 15:27:00
80,Aberdeen St & Monroe St,Chicago,41.880419,-87.655519,19,2013-06-26 19:00:00
81,Daley Center Plaza,Chicago,41.884240999999996,-87.629634,39,2013-06-26 19:02:00
84,Milwaukee Ave & Grand Ave,Chicago,41.891578,-87.648384,19,2013-06-26 19:14:00
85,Michigan Ave & Oak St,Chicago,41.90096039,-87.62377664,23,2013-06-26 19:18:00
86,Eckhart Park,Chicago,41.89637337,-87.66098386,19,2013-06-26 19:32:00
87,Racine Ave & Fullerton Ave,Chicago,41.92556258,-87.65840426,19,2013-06-26 19:36:00
88,Racine Ave & Randolph St,Chicago,41.884069000000004,-87.656853,19,2013-06-26 19:44:00
89,Financial Pl & Congress Pkwy,Chicago,41.87500913,-87.63310582,31,2013-06-26 19:47:00
90,Millennium Park,Chicago,41.8810317,-87.62408432,47,2013-06-26 19:51:00
91,Clinton St & Washington Blvd,Chicago,41.883379999999995,-87.64116999999999,31,2013-06-26 23:39:00
92,Carpenter St & Huron St,Chicago,41.894556,-87.653449,19,2013-06-27 08:58:00
93,Sheffield Ave & Willow St,Chicago,41.913688,-87.652855,15,2013-06-27 11:41:00
94,Clark St & Armitage Ave,Chicago,41.918306,-87.636282,31,2013-06-27 12:33:00
95,Stony Island Ave & 64th St,Chicago,41.77870057,-87.58678762,15,2013-06-27 13:58:00
96,Desplaines St & Randolph St,Chicago,41.88461619,-87.64457058,23,2013-06-28 10:47:00
97,Field Museum,Chicago,41.865312,-87.617867,55,2013-06-30 13:25:00
98,LaSalle St & Washington St,Chicago,41.882664,-87.63253,15,2013-07-15 14:41:00
99,Lake Shore Dr & Ohio St,Chicago,41.89257,-87.614492,19,2013-07-15 15:12:00
100,Orleans St & Merchandise Mart Plaza,Chicago,41.888243,-87.63639,35,2013-07-15 17:26:00
101,63rd St Beach,Chicago,41.78101637,-87.57611976,23,2013-07-16 01:27:00
102,Stony Island Ave & 67th St,Chicago,41.773458500000004,-87.58533974,11,2013-07-16 01:28:00
103,Clinton St & Polk St (*),Chicago,41.87146652,-87.64094913,16,2013-07-18 15:51:00
106,State St & Pearson St,Chicago,41.897448,-87.628722,27,2013-07-18 15:59:00
107,Desplaines St & Jackson Blvd,Chicago,41.878287,-87.643909,27,2013-07-18 16:39:00
108,Halsted St & Polk St,Chicago,41.87184,-87.64664,19,2013-07-18 16:41:00
109,900 W Harrison St,Chicago,41.874753999999996,-87.649807,19,2013-07-18 16:45:00
110,Dearborn St & Erie St,Chicago,41.893992,-87.62931800000001,23,2013-07-18 16:46:00
111,Sedgwick St & Huron St,Chicago,41.894666,-87.638437,19,2013-07-18 16:52:00
112,Green St & Randolph St,Chicago ,41.883668,-87.64867,15,2013-07-18 17:00:00
113,Bissell St & Armitage Ave,Chicago ,41.918440000000004,-87.65222,15,2013-07-18 17:09:00
114,Sheffield Ave & Waveland Ave,Chicago,41.949399,-87.65452900000001,27,2013-07-18 17:17:00
115,Sheffield Ave & Wellington Ave,Chicago,41.936265999999996,-87.652662,23,2013-07-18 17:18:00
116,Western Ave & Winnebago Ave,Chicago,41.91552,-87.687022,15,2013-07-18 17:19:00
117,Wilton Ave & Belmont Ave,Chicago,41.94018,-87.65304,23,2013-07-18 17:20:00
118,Sedgwick St & North Ave,Chicago,41.911386,-87.638677,19,2013-07-18 17:20:00
119,Ashland Ave & Lake St,Chicago,41.88541,-87.66731999999999,19,2013-07-18 17:21:00
120,Wentworth Ave & Archer Ave,Chicago,41.853605,-87.631886,23,2013-07-18 17:21:00
121,Blackstone Ave & Hyde Park Blvd,Chicago,41.802562,-87.59036800000001,19,2013-07-18 17:22:00
122,Ogden Ave & Congress Pkwy,Chicago,41.875009999999996,-87.67328,15,2013-07-18 17:23:00
123,California Ave & Milwaukee Ave,Chicago,41.922695000000004,-87.697153,15,2013-07-18 17:23:00
124,Damen Ave & Cullerton St,Chicago,41.855048,-87.675726,15,2013-07-18 17:24:00
125,Rush St & Hubbard St,Chicago,41.890173,-87.62618499999999,23,2013-07-18 17:53:00
126,Clark St & North Ave,Chicago ,41.911974,-87.63194200000001,15,2013-07-18 17:54:00
127,Lincoln Ave & Fullerton Ave,Chicago ,41.925905,-87.64926,15,2013-07-18 17:55:00
128,Damen Ave & Chicago Ave,Chicago,41.895769,-87.67721999999999,19,2013-07-18 17:55:00
129,Blue Island Ave & 18th St,Chicago ,41.857556,-87.661535,15,2013-07-18 17:56:00
130,Damen Ave & Division St,Chicago ,41.903265999999995,-87.678435,15,2013-07-18 17:57:00
131,Lincoln Ave & Belmont Ave,Chicago ,41.939365,-87.668385,15,2013-07-18 17:57:00
132,Wentworth Ave & 24th St,Chicago ,41.849237,-87.631715,15,2013-07-18 17:58:00
133,Kingsbury St & Kinzie St,Chicago,41.88917683,-87.63850577,31,2013-07-18 22:47:00
134,Peoria St & Jackson Blvd,Chicago,41.877749,-87.649633,19,2013-07-18 22:48:00
135,Halsted St & 21st St,Chicago,41.85378,-87.64665,11,2013-07-18 22:49:00
136,Racine Ave & 13th St,Chicago ,41.865054,-87.656959,15,2013-07-18 22:52:00
137,Morgan Ave & 14th Pl,Chicago ,41.862378,-87.651062,15,2013-07-18 22:54:00
138,Clybourn Ave & Division St,Chicago ,41.904613,-87.640552,15,2013-07-18 22:55:00
140,Dearborn Pkwy & Delaware Pl,Chicago ,41.898969,-87.629912,19,2013-07-18 22:56:00
141,Clark St & Lincoln Ave,Chicago ,41.915689,-87.6346,23,2013-07-18 22:57:00
142,McClurg Ct & Erie St,Chicago ,41.894503,-87.61785400000001,31,2013-07-18 22:58:00
143,Sedgwick St & Webster Ave,Chicago ,41.922167,-87.638888,15,2013-07-19 09:19:00
144,Larrabee St & Webster Ave,Chicago ,41.921822,-87.64414000000001,19,2013-07-19 09:20:00
145,Mies van der Rohe Way & Chestnut St,Chicago,41.89858665,-87.62191523,19,2013-07-19 09:20:00
146,Loomis St & Jackson Blvd,Chicago ,41.877945000000004,-87.66200699999999,11,2013-07-19 09:21:00
147,Indiana Ave & 26th St,Chicago ,41.845687,-87.62248100000001,15,2013-07-19 09:22:00
148,State St & 33rd St,Chicago ,41.834734000000005,-87.625813,15,2013-07-19 09:22:00
149,Calumet Ave & 33rd St,Chicago ,41.8349,-87.61793,11,2013-07-19 09:23:00
150,Fort Dearborn Dr & 31st St,Chicago ,41.838556,-87.60821800000001,27,2013-07-19 09:23:00
152,Lincoln Ave & Diversey Pkwy,Chicago ,41.932225,-87.658617,15,2013-07-19 09:25:00
153,Southport Ave & Wellington Ave,Chicago ,41.935733,-87.663576,19,2013-07-19 09:34:00
154,Southport Ave & Belmont Ave,Chicago ,41.93949,-87.66378,15,2013-07-19 09:34:00
156,Clark St & Wellington Ave,Chicago ,41.93649682,-87.64753866,15,2013-07-19 09:35:00
157,Lake Shore Dr & Wellington Ave,Chicago ,41.936669,-87.636794,15,2013-07-19 09:36:00
158,Milwaukee Ave & Wabansia Ave,Chicago ,41.912616,-87.681391,15,2013-07-19 09:40:00
159,Claremont Ave & Hirsch St,Chicago,41.907781,-87.685854,11,2013-07-19 09:56:00
160,Campbell Ave & North Ave,Chicago,41.910534999999996,-87.68955600000001,15,2013-07-19 09:57:00
161,Rush St & Superior St,Chicago,41.89576475,-87.62590803,23,2013-07-19 10:00:00
162,Damen Ave & Wellington Ave,Chicago,41.93588,-87.67841999999999,15,2013-07-19 10:02:00
163,Damen Ave & Clybourn Ave,Chicago,41.931931,-87.677856,15,2013-07-19 10:02:00
164,Franklin St & Lake St,Chicago,41.885837,-87.6355,27,2013-07-19 10:03:00
165,Clark St & Grace St,Chicago,41.95078,-87.659172,19,2013-07-19 10:03:00
166,Ashland Ave & Wrightwood Ave,Chicago ,41.92883,-87.66850699999999,15,2013-07-19 10:07:00
167,Damen Ave & Coulter St,Chicago ,41.8492,-87.67564,11,2013-07-19 10:08:00
168,Michigan Ave & 14th St,Chicago ,41.864059000000005,-87.623727,19,2013-07-19 10:08:00
169,Canal St & Harrison St,Chicago ,41.874255,-87.639573,15,2013-07-19 10:09:00
170,Clinton St & 18th St,Chicago,41.85795,-87.640826,15,2013-07-19 11:04:00
171,May St & Cullerton St,Chicago ,41.855136,-87.654127,11,2013-07-19 11:05:00
172,Rush St & Cedar St,Chicago,41.902308700000006,-87.62769053,11,2013-07-19 11:05:00
173,Mies van der Rohe Way & Chicago Ave,Chicago ,41.89691,-87.62174300000001,15,2013-07-19 11:07:00
174,Canal St & Madison St,Chicago ,41.882090999999996,-87.639833,35,2013-07-19 11:07:00
175,Wells St & Polk St,Chicago ,41.872596,-87.63350200000001,19,2013-07-19 11:08:00
176,Clark St & Elm St,Chicago ,41.902972999999996,-87.63128,27,2013-07-19 11:08:00
177,Theater on the Lake,Chicago ,41.926277,-87.630834,23,2013-07-19 11:09:00
178,State St & 19th St,Chicago ,41.856594,-87.627542,15,2013-07-19 11:10:00
179,MLK Jr Dr & Oakwood Blvd,Chicago,41.822559999999996,-87.61615,15,2013-07-19 11:12:00
180,Ritchie Ct & Banks St,Chicago,41.906866,-87.62621700000001,15,2013-07-19 11:14:00
181,LaSalle St & Illinois St,Chicago,41.890762,-87.631697,31,2013-07-19 11:15:00
182,Wells St & Elm St,Chicago,41.903222,-87.63432399999999,23,2013-07-20 12:38:00
183,Damen Ave & Augusta Blvd,Chicago,41.899113,-87.677212,23,2013-07-20 17:09:00
184,State St & 35th St,Chicago,41.83104,-87.62688,19,2013-07-21 07:52:00
185,Stave St & Armitage Ave,Chicago,41.917741,-87.69139200000001,11,2013-07-26 10:32:00
186,Ogden Ave & Race Ave,Chicago,41.891795,-87.658751,15,2013-07-27 13:03:00
188,Greenview Ave & Fullerton Ave,Chicago,41.925329999999995,-87.6658,15,2013-07-28 14:35:00
190,Southport Ave & Wrightwood Ave,Chicago,41.928773,-87.663913,15,2013-08-05 09:36:00
191,Canal St & Monroe St (*),Chicago,41.880884,-87.639525,28,2013-08-06 13:14:00
192,Canal St & Adams St,Chicago,41.879255,-87.639904,47,2013-08-06 13:27:00
193,State St & 29th St,Chicago,41.841707,-87.626938,15,2013-08-06 14:08:00
194,Wabash Ave & Wacker Pl,Chicago,41.886875,-87.62603,19,2013-08-07 14:01:00
195,Columbus Dr & Randolph St,Chicago,41.884728,-87.61952099999999,47,2013-08-07 14:11:00
196,Cityfront Plaza Dr & Pioneer Ct,Chicago,41.890572999999996,-87.622072,23,2013-08-07 16:23:00
197,Michigan Ave & Madison St,Chicago,41.882134,-87.625125,19,2013-08-08 11:27:00
198,Green St & Madison St,Chicago,41.881892,-87.64878900000001,19,2013-08-08 11:47:00
199,Wabash Ave & Grand Ave,Chicago,41.891465999999994,-87.626761,31,2013-08-08 12:26:00
200,MLK Jr Dr & 47th St,Chicago,41.809851,-87.616279,11,2013-08-10 15:31:00
201,Indiana Ave & 40th St,Chicago,41.82168,-87.6216,15,2013-08-10 15:47:00
202,Halsted St & 18th St,Chicago,41.857499,-87.646277,15,2013-08-12 17:23:00
203,Western Ave & 21st St,Chicago,41.854109,-87.685838,15,2013-08-13 11:55:00
204,Prairie Ave & Garfield Blvd,Chicago,41.794853,-87.618691,11,2013-08-13 15:14:00
205,Paulina St & 18th St,Chicago,41.857901,-87.668745,15,2013-08-13 16:01:00
206,Halsted St & Archer Ave,Chicago,41.847203,-87.646795,15,2013-08-14 08:53:00
207,Emerald Ave & 28th St,Chicago,41.843579999999996,-87.645368,15,2013-08-14 10:26:00
208,Ashland Ave & 21st St,Chicago,41.853809999999996,-87.665897,15,2013-08-14 13:01:00
209,Normal Ave & Archer Ave,Chicago,41.849527,-87.640591,11,2013-08-14 13:18:00
210,Ashland Ave & Division St,Chicago,41.90345,-87.66774699999999,19,2013-08-14 16:30:00
211,St. Clair St & Erie St,Chicago,41.894448,-87.622663,19,2013-08-14 16:32:00
212,Orleans St & Ohio St,Chicago,41.892154,-87.636928,23,2013-08-14 17:16:00
213,Leavitt St & North Ave,Chicago,41.910153,-87.68229000000001,15,2013-08-15 11:42:00
214,Damen Ave & Grand Ave,Chicago,41.891220000000004,-87.67685999999999,23,2013-08-15 11:46:00
215,Damen Ave & Madison St,Chicago,41.881370000000004,-87.67493,15,2013-08-15 14:08:00
216,California Ave & Division St,Chicago,41.903029,-87.697474,15,2013-08-15 14:13:00
217,Racine Ave (May St) & Fulton St,Chicago,41.886926,-87.65691899999999,15,2013-08-15 15:14:00
218,Wells St & 19th St,Chicago,41.856802,-87.63387900000001,11,2013-08-15 16:21:00
219,Damen Ave & Cortland St,Chicago,41.916027,-87.67741099999999,19,2013-08-16 11:54:00
220,Hampden Ct & Diversey Pkwy,Chicago,41.93262,-87.642385,23,2013-08-16 11:58:00
222,Milwaukee Ave & Rockwell St,Chicago,41.920195,-87.693033,19,2013-08-16 15:04:00
223,Clifton Ave & Armitage Ave,Chicago,41.918215999999994,-87.656936,15,2013-08-16 16:07:00
224,Halsted St & Willow St,Chicago,41.913778,-87.64884,19,2013-08-16 17:25:00
225,Halsted St & Dickens Ave,Chicago,41.919936,-87.64883,15,2013-08-19 09:23:00
226,Racine Ave & Belmont Ave,Chicago,41.939743,-87.658865,15,2013-08-19 09:29:00
227,Southport Ave & Waveland Ave,Chicago,41.94815,-87.66394,23,2013-08-19 13:15:00
228,Damen Ave & Melrose Ave,Chicago,41.9406,-87.6785,15,2013-08-19 15:50:00
229,Southport Ave & Roscoe St,Chicago,41.943739,-87.66402,19,2013-08-19 16:10:00
230,Lincoln Ave & Roscoe St,Chicago,41.94334,-87.67097,19,2013-08-19 17:20:00
231,Sheridan Rd & Montrose Ave,Chicago,41.96167,-87.65464,23,2013-08-20 10:12:00
232,Pine Grove Ave & Waveland Ave,Chicago,41.949275,-87.646303,23,2013-08-20 11:09:00
233,Sangamon St & Washington Blvd (*),Chicago,41.883004,-87.65114799999999,16,2013-08-20 11:46:00
234,Clark St & Montrose Ave,Chicago,41.961588,-87.666036,19,2013-08-20 14:21:00
236,Sedgwick St & Schiller St,Chicago,41.905664,-87.63851700000001,15,2013-08-20 16:12:00
237,MLK Jr Dr & 29th St,Chicago,41.842052,-87.617,15,2013-08-20 16:56:00
238,Ravenswood Ave & Montrose Ave (*),Chicago,41.961615,-87.67436500000001,16,2013-08-21 09:51:00
239,Western Ave & Leland Ave,Chicago,41.966555,-87.688487,19,2013-08-21 10:50:00
240,Sheridan Rd & Irving Park Rd,Chicago,41.954245,-87.65440600000001,27,2013-08-21 11:07:00
241,Morgan St & Polk St,Chicago ,41.871736999999996,-87.65103,19,2013-08-21 11:57:00
242,Damen Ave & Leland Ave,Chicago ,41.967094,-87.679028,15,2013-08-21 16:08:00
243,Lincoln Ave & Leavitt St,Chicago ,41.962391,-87.684146,15,2013-08-21 16:45:00
244,Ravenswood Ave & Irving Park Rd,Chicago,41.95469,-87.67393,19,2013-08-22 09:49:00
245,Clarendon Ave & Junior Ter,Chicago,41.961003999999996,-87.649603,23,2013-08-22 11:01:00
246,Ashland Ave & Belle Plaine Ave,Chicago,41.956061,-87.668869,11,2013-08-22 12:47:00
247,Shore Dr & 55th St,Chicago,41.795212,-87.580715,19,2013-08-22 12:50:00
248,Woodlawn Ave & 55th St,Chicago,41.795264,-87.596471,19,2013-08-22 14:31:00
249,Montrose Harbor,Chicago,41.963982,-87.638181,31,2013-08-22 17:09:00
250,Ashland Ave & Wellington Ave,Chicago,41.936083,-87.66980699999999,19,2013-08-23 09:09:00
251,Clarendon Ave & Leland Ave,Chicago,41.967968,-87.650001,15,2013-08-26 11:52:00
252,Greenwood Ave & 47th St,Chicago,41.809835,-87.59938299999999,15,2013-08-26 14:33:00
253,Clifton Ave & Lawrence Ave,Chicago,41.968812,-87.657659,15,2013-08-31 08:58:00
254,Pine Grove Ave & Irving Park Rd,Chicago,41.954383,-87.648043,15,2013-08-31 09:03:00
255,Indiana Ave & Roosevelt Rd,Chicago,41.867888,-87.623041,39,2013-08-31 10:38:00
256,Broadway & Sheridan Rd,Chicago,41.952833,-87.64999300000001,15,2013-08-31 11:54:00
257,Lincoln Ave & Waveland Ave,Chicago,41.948797,-87.675278,15,2013-08-31 12:17:00
258,Logan Blvd & Elston Ave,Chicago,41.930584,-87.685126,19,2013-08-31 14:15:00
259,California Ave & Francis Pl,Chicago,41.918121,-87.696972,15,2013-09-03 09:39:00
260,Kedzie Ave & Milwaukee Ave,Chicago,41.929567,-87.70785699999999,27,2013-09-03 12:41:00
261,Hermitage Ave & Polk St,Chicago,41.871514000000005,-87.669886,15,2013-09-03 13:15:00
262,Halsted St & 37th St,Chicago,41.827059000000006,-87.64572,11,2013-09-03 13:18:00
263,Rhodes Ave & 32nd St,Chicago,41.836208,-87.61353299999999,11,2013-09-03 13:47:00
264,Stetson Ave & South Water St,Chicago,41.886835,-87.62232,19,2013-09-03 15:12:00
265,Cottage Grove Ave & Oakwood Blvd,Chicago,41.822984999999996,-87.6071,15,2013-09-03 17:01:00
267,Lake Park Ave & 47th St,Chicago,41.809443,-87.591875,15,2013-09-04 15:57:00
268,Lake Shore Dr & North Blvd,Chicago,41.911722,-87.626804,39,2013-09-05 09:48:00
270,Stony Island Ave & 75th St,Chicago,41.75866967,-87.58688287,11,2013-09-05 14:16:00
271,Cottage Grove Ave & 43rd St,Chicago,41.816499,-87.60658199999999,11,2013-09-09 16:33:00
272,Indiana Ave & 31st St,Chicago,41.838842,-87.62185699999999,11,2013-09-09 16:51:00
273,Michigan Ave & 18th St,Chicago,41.857813,-87.62455,23,2013-09-10 09:13:00
274,Racine Ave & 15th St,Chicago,41.861267,-87.656625,15,2013-09-10 10:45:00
275,Ashland Ave & 13th St,Chicago,41.865234,-87.666507,15,2013-09-10 12:20:00
276,California Ave & North Ave,Chicago,41.91044,-87.6972,11,2013-09-10 14:24:00
277,Ashland Ave & Grand Ave,Chicago,41.891071999999994,-87.666611,15,2013-09-10 14:57:00
278,Wallace St & 35th St,Chicago,41.830628999999995,-87.64129,15,2013-09-10 15:57:00
279,Halsted St & 35th St (*),Chicago,41.830661,-87.647172,16,2013-09-11 09:17:00
280,Morgan St & 31st St,Chicago,41.8378,-87.65114,11,2013-09-11 11:50:00
281,Western Ave & 24th St,Chicago,41.84847,-87.685109,11,2013-09-11 12:09:00
282,Halsted St & Maxwell St,Chicago,41.864883,-87.647071,15,2013-09-11 14:02:00
283,LaSalle St & Jackson Blvd,Chicago,41.878170000000004,-87.631985,35,2013-09-11 15:53:00
284,Michigan Ave & Jackson Blvd,Chicago,41.87785,-87.62408,23,2013-09-12 09:21:00
285,Wood St & Hubbard St,Chicago,41.889587,-87.67195600000001,19,2013-09-12 10:22:00
286,Franklin St & Quincy St,Chicago,41.878724,-87.634793,23,2013-09-12 12:08:00
287,Franklin St & Monroe St,Chicago,41.880317,-87.63518499999999,27,2013-09-12 14:19:00
288,Larrabee St & Armitage Ave,Chicago,41.918084,-87.643749,11,2013-09-12 15:23:00
289,Wells St & Concord Ln,Chicago,41.912133000000004,-87.634656,19,2013-09-13 09:46:00
290,Kedzie Ave & Palmer Ct,Chicago,41.921525,-87.70732199999999,15,2013-09-13 10:50:00
291,Wells St & Evergreen Ave,Chicago,41.906724,-87.63483000000001,19,2013-09-13 12:11:00
292,Southport Ave & Clark St,Chicago,41.957081,-87.664199,11,2013-09-13 14:55:00
293,Broadway & Wilson Ave,Chicago,41.965221,-87.658139,15,2013-09-17 14:59:00
294,Broadway & Berwyn Ave,Chicago,41.978353000000006,-87.65975300000001,15,2013-09-17 15:42:00
295,Broadway & Argyle St,Chicago,41.973815,-87.65966,15,2013-09-17 17:38:00
296,Broadway & Belmont Ave,Chicago,41.940106,-87.645451,19,2013-09-17 17:48:00
297,Paulina St & Montrose Ave,Chicago,41.961507,-87.671387,15,2013-09-18 11:00:00
298,Lincoln Ave & Belle Plaine Ave,Chicago,41.955927,-87.679259,15,2013-09-18 11:51:00
299,Halsted St & Roscoe St,Chicago,41.943670000000004,-87.64895,15,2013-09-18 14:50:00
300,Broadway & Barry Ave,Chicago,41.937725,-87.644095,19,2013-09-18 15:13:00
301,Clark St & Schiller St,Chicago,41.907993,-87.631501,19,2013-09-18 16:18:00
302,Sheffield Ave & Wrightwood Ave,Chicago,41.928712,-87.65383299999999,19,2013-09-18 16:55:00
303,Broadway & Cornelia Ave,Chicago,41.945529,-87.646439,23,2013-09-19 09:39:00
304,Broadway & Waveland Ave,Chicago,41.949073999999996,-87.648636,15,2013-09-19 12:10:00
305,Western Ave & Division St,Chicago,41.902893,-87.687275,15,2013-09-19 12:55:00
306,Sheridan Rd & Buena Ave,Chicago,41.958494,-87.654966,19,2013-09-19 15:36:00
307,Southport Ave & Clybourn Ave,Chicago,41.920771,-87.663712,15,2013-09-19 16:30:00
308,Seeley Ave & Roscoe St,Chicago,41.943403,-87.679618,11,2013-09-19 16:55:00
309,Leavitt St & Armitage Ave,Chicago,41.917805,-87.682437,11,2013-09-19 17:19:00
310,Damen Ave & Charleston St,Chicago,41.920082,-87.67785500000001,11,2013-09-19 17:59:00
311,Leavitt St & Lawrence Ave,Chicago,41.968885,-87.684001,19,2013-09-20 09:23:00
312,Clarendon Ave & Gordon Ter,Chicago,41.957879,-87.649519,15,2013-09-20 09:45:00
313,Lakeview Ave & Fullerton Pkwy,Chicago,41.925858000000005,-87.638973,19,2013-09-20 10:42:00
314,Ravenswood Ave & Berteau Ave,Chicago,41.957921,-87.673567,15,2013-09-20 11:56:00
315,Elston Ave & Wabansia Ave,Chicago,41.912919,-87.664169,23,2013-09-20 12:38:00
316,Damen Ave & Sunnyside Ave,Chicago,41.96325,-87.67925799999999,19,2013-09-20 14:22:00
317,Wood St & Taylor St,Chicago,41.869153999999995,-87.67104499999999,23,2013-09-20 14:44:00
318,Southport Ave & Irving Park Rd,Chicago,41.954177,-87.664358,15,2013-09-20 14:56:00
319,Greenview Ave & Diversey Pkwy,Chicago,41.932595,-87.665939,15,2013-09-20 15:20:00
320,Loomis St & Lexington St,Chicago,41.872187,-87.661501,19,2013-09-20 16:26:00
321,Wabash Ave & 9th St,Chicago,41.870769,-87.625734,19,2013-09-20 16:37:00
322,Kimbark Ave & 53rd St,Chicago,41.799568,-87.594747,19,2013-09-20 16:51:00
323,Sheridan Rd & Lawrence Ave,Chicago,41.969516999999996,-87.654691,15,2013-09-21 11:30:00
324,Stockton Dr & Wrightwood Ave,Chicago,41.93132,-87.63874200000001,15,2013-09-21 11:55:00
325,Clark St & Winnemac Ave,Chicago,41.973345,-87.667682,19,2013-09-23 09:59:00
326,Clark St & Leland Ave,Chicago,41.967096000000005,-87.667429,19,2013-09-23 15:02:00
327,Sheffield Ave & Webster Ave,Chicago,41.92154,-87.653818,19,2013-09-23 15:05:00
328,Ellis Ave & 58th St,Chicago,41.788746,-87.601334,19,2013-09-25 09:38:00
329,Lake Shore Dr & Diversey Pkwy,Chicago,41.932684,-87.63625,15,2013-09-25 09:49:00
330,Lincoln Ave & Addison St,Chicago,41.946176,-87.67330799999999,19,2013-09-25 13:25:00
331,Halsted St & Blackhawk St (*),Chicago,41.908537,-87.648627,20,2013-09-25 13:55:00
332,Halsted St & Diversey Pkwy,Chicago,41.933665999999995,-87.64895899999999,19,2013-09-25 15:35:00
333,Ashland Ave & Blackhawk St,Chicago,41.907066,-87.667252,15,2013-09-25 16:37:00
334,Lake Shore Dr & Belmont Ave,Chicago,41.940775,-87.63919200000001,19,2013-09-26 10:16:00
335,Calumet Ave & 35th St,Chicago,41.831379,-87.618034,15,2013-09-26 10:33:00
336,Cottage Grove Ave & 47th St,Chicago,41.809855,-87.606755,15,2013-09-26 11:04:00
337,Clark St & Chicago Ave,Chicago,41.896544,-87.630931,19,2013-09-26 15:53:00
338,Calumet Ave & 18th St,Chicago,41.857611,-87.619407,15,2013-09-26 15:59:00
339,Emerald Ave & 31st St,Chicago,41.838198,-87.645143,11,2013-09-27 12:26:00
340,Clark St & Wrightwood Ave,Chicago,41.929546,-87.643118,15,2013-10-01 11:35:00
341,Adler Planetarium,Chicago,41.866095,-87.60726700000001,39,2013-10-03 12:01:00
342,Wolcott Ave & Polk St,Chicago,41.871262,-87.673688,15,2013-10-03 15:04:00
343,Racine Ave & Wrightwood Ave,Chicago,41.928886999999996,-87.658971,15,2013-10-03 15:54:00
344,Ravenswood Ave & Lawrence Ave,Chicago,41.96909,-87.674237,39,2013-10-03 16:21:00
345,Lake Park Ave & 56th St,Chicago,41.793242,-87.58778199999999,19,2013-10-04 11:37:00
346,Ada St & Washington Blvd,Chicago,41.88283,-87.661206,15,2013-10-04 14:37:00
347,Ashland Ave & Grace St,Chicago,41.950687,-87.6687,15,2013-10-04 16:06:00
348,California Ave & 21st St,Chicago,41.854015999999994,-87.69544499999999,15,2013-10-09 16:13:00
349,Halsted St & Wrightwood Ave,Chicago,41.929142999999996,-87.649077,15,2013-10-10 12:40:00
350,Ashland Ave & Chicago Ave,Chicago,41.895965999999994,-87.66774699999999,15,2013-10-10 14:22:00
351,Cottage Grove Ave & 51st St,Chicago,41.803038,-87.606615,15,2013-10-10 16:56:00
352,Jeffery Blvd & 67th St,Chicago,41.77351755,-87.57714283,15,2013-10-28 13:24:00
353,Clark St & Touhy Ave,Chicago,42.01256012,-87.67436712,15,2013-12-31 14:08:00
354,Sheridan Rd & Greenleaf Ave,Chicago,42.01058656,-87.66241209,15,2013-12-31 14:09:00
355,South Shore Dr & 67th St,Chicago,41.773643,-87.567514,19,2014-01-09 15:11:00
356,Stony Island Ave & 71st St,Chicago,41.76649294,-87.58646088,11,2014-03-12 12:27:00
359,Larrabee St & Division St,Chicago,41.90348607,-87.64335349,23,2014-04-22 15:54:00
364,Larrabee St & Oak St,Chicago,41.90021949,-87.64298547,19,2015-01-30 12:38:00
365,Halsted St & North Branch St,Chicago,41.89936844,-87.64847988,15,2015-01-30 12:40:00
366,Loomis St & Archer Ave,Chicago,41.84163254,-87.65743495,15,2015-01-30 12:43:00
367,Racine Ave & 35th St,Chicago,41.83069611,-87.65597591,15,2015-01-30 12:47:00
368,Ashland Ave & Archer Ave,Chicago,41.83920868,-87.66560986,15,2015-01-30 12:51:00
369,Wood St & 35th St,Chicago,41.83010465,-87.67029831,11,2015-01-30 12:53:00
370,Calumet Ave & 21st St,Chicago,41.85418425,-87.61915374,15,2015-01-30 13:02:00
373,Kedzie Ave & Chicago Ave,Chicago,41.8954653,-87.70612788,15,2015-01-30 13:57:00
374,Western Ave & Walton St,Chicago,41.89841769,-87.68659602,19,2015-01-30 13:58:00
375,Sacramento Blvd & Franklin Blvd,Chicago,41.889727,-87.70103,11,2015-01-30 13:58:00
376,Artesian Ave & Hubbard St,Chicago,41.88949182,-87.68821936,35,2015-01-30 13:59:00
377,Kedzie Ave & Lake St,Chicago,41.88460329,-87.70630374,19,2015-01-30 13:59:00
378,California Ave & Lake St,Chicago,41.88445396,-87.69629814,15,2015-01-30 14:00:00
381,Western Ave & Monroe St,Chicago,41.87978771,-87.68611281,15,2015-01-30 14:22:00
382,Western Ave & Congress Pkwy,Chicago,41.87474885,-87.68644528,19,2015-01-30 14:25:00
383,Ashland Ave & Harrison St,Chicago,41.874293,-87.667284,23,2015-01-30 14:28:00
384,Halsted St & 51st St,Chicago,41.80183164,-87.6452139,11,2015-01-30 14:37:00
385,Princeton Ave & Garfield Blvd,Chicago,41.794982,-87.633124,11,2015-01-30 14:37:00
386,Halsted St & 56th St,Chicago,41.79292965,-87.64499006,11,2015-01-30 14:38:00
388,Halsted St & 63rd St,Chicago,41.77938114,-87.64462081,15,2015-01-30 14:41:00
390,Wentworth Ave & 63rd St,Chicago,41.78007963,-87.62974631,11,2015-01-30 14:42:00
391,Halsted St & 69th St,Chicago,41.76906172,-87.64461358,11,2015-01-30 14:42:00
392,Perry Ave & 69th St,Chicago,41.76929309,-87.62819593,11,2015-01-30 14:43:00
393,Calumet Ave & 71st St,Chicago,41.76550801,-87.61691793,11,2015-01-30 14:45:00
394,Clark St & 9th St (AMLI),Chicago,41.870816,-87.63124599999999,15,2015-01-30 15:11:00
395,Jeffery Blvd & 76th St,Chicago,41.75712007,-87.57583936,11,2015-01-30 17:30:00
396,Yates Blvd & 75th St,Chicago,41.758767999999996,-87.56644,11,2015-01-30 17:30:00
397,Saginaw Ave & Exchange Ave,Chicago,41.75874584,-87.56011478,11,2015-01-30 17:31:00
398,Rainbow Beach,Chicago,41.75787145,-87.54938625,15,2015-01-30 17:31:00
399,South Shore Dr & 74th St,Chicago,41.76218896,-87.55927465,11,2015-01-30 17:31:00
400,Cottage Grove Ave & 71st St,Chicago,41.76571904,-87.60495971,11,2015-01-30 17:32:00
401,Shields Ave & 28th Pl,Chicago,41.842733,-87.635491,11,2015-01-30 17:37:00
402,Shields Ave & 31st St,Chicago,41.838464,-87.635406,15,2015-01-30 17:37:00
403,Wentworth Ave & 33rd St,Chicago,41.83452989,-87.63182298,15,2015-01-30 17:37:00
405,Wentworth Ave & 35th St,Chicago,41.830777000000005,-87.632504,15,2015-01-30 17:38:00
406,Lake Park Ave & 35th St,Chicago,41.83127424,-87.60879919,19,2015-01-30 17:38:00
407,State St & Pershing Rd,Chicago,41.82301524,-87.62656802,11,2015-01-30 17:38:00
408,Union Ave & Root St,Chicago,41.819102,-87.64327800000001,11,2015-01-30 17:39:00
409,Shields Ave & 43rd St,Chicago,41.81620768,-87.63481935,11,2015-01-30 17:39:00
410,Prairie Ave & 43rd St,Chicago,41.81665889,-87.61941246,15,2015-01-30 17:39:00
411,Halsted St & 47th Pl,Chicago,41.80813391,-87.64561655,11,2015-01-30 17:40:00
412,Princeton Ave & 47th St,Chicago,41.80931771,-87.63344929,11,2015-01-30 17:40:00
413,Woodlawn Ave & Lake Park Ave,Chicago,41.81409271,-87.59700515,15,2015-01-30 17:40:00
414,Canal St & Taylor St,Chicago,41.870257,-87.63947399999999,15,2015-01-30 17:40:00
415,Calumet Ave & 51st St,Chicago,41.80229465,-87.61805358,15,2015-01-30 17:41:00
416,Dorchester Ave & 49th St,Chicago,41.805772,-87.592464,15,2015-01-30 17:42:00
417,Cornell Ave & Hyde Park Blvd,Chicago,41.802406,-87.586924,19,2015-01-30 17:42:00
418,Ellis Ave & 53rd St,Chicago,41.79933626,-87.60095811,11,2015-01-30 17:42:00
419,Lake Park Ave & 53rd St,Chicago,41.79949429,-87.5864499,15,2015-01-30 17:42:00
420,Ellis Ave & 55th St,Chicago,41.79430062,-87.60144977,19,2015-01-30 17:43:00
421,MLK Jr Dr & 56th St (*),Chicago,41.79342946,-87.61585326,12,2015-01-30 17:43:00
422,DuSable Museum,Chicago,41.79156801,-87.60785218,15,2015-01-30 17:43:00
423,University Ave & 57th St,Chicago,41.791478000000005,-87.599861,27,2015-01-30 17:44:00
424,Museum of Science and Industry,Chicago,41.79172821,-87.58394501,27,2015-01-30 17:44:00
425,Harper Ave & 59th St,Chicago,41.78794281,-87.58831517,15,2015-01-30 17:44:00
426,Ellis Ave & 60th St,Chicago,41.78509715,-87.60107276,19,2015-01-30 17:45:00
427,Cottage Grove Ave & 63rd St,Chicago,41.78059901,-87.60611239,19,2015-01-30 17:45:00
428,Dorchester Ave & 63rd St,Chicago,41.78040565,-87.59141599,15,2015-01-30 17:45:00
429,Cottage Grove Ave & 67th St,Chicago,41.77372095,-87.60563486,11,2015-01-30 17:46:00
430,MLK Jr Dr & 63rd St,Chicago,41.78008064,-87.61594286,15,2015-01-30 17:46:00
431,Eberhart Ave & 61st St,Chicago,41.78414169,-87.61330783,11,2015-01-30 17:46:00
432,Clark St & Lunt Ave,Chicago,42.009074,-87.67419,19,2015-02-02 11:32:00
433,Kedzie Ave & Harrison St,Chicago,41.87359967,-87.70487075,11,2015-02-10 11:47:00
434,Ogden Ave & Roosevelt Rd,Chicago,41.86650148,-87.68469707,19,2015-02-10 11:47:00
435,Kedzie Ave & Roosevelt Rd,Chicago,41.86649278,-87.70649618,15,2015-02-10 11:48:00
436,Fairfield Ave & Roosevelt Rd,Chicago,41.866624,-87.694521,15,2015-02-10 11:48:00
437,Washtenaw Ave & Ogden Ave (*),Chicago,41.861894,-87.693511,20,2015-02-10 11:48:00
438,Central Park Ave & Ogden Ave,Chicago,41.85420431,-87.71540584,15,2015-02-10 11:49:00
439,Kedzie Ave & 21st St,Chicago,41.85353363,-87.70507303,11,2015-02-10 11:49:00
440,Lawndale Ave & 23rd St,Chicago,41.84988195,-87.71700039,11,2015-02-10 11:49:00
441,Kedzie Ave & 24th St,Chicago,41.84819094,-87.70541375,11,2015-02-10 11:50:00
442,California Ave & 23rd Pl,Chicago,41.84910969,-87.69513981,15,2015-02-10 11:50:00
443,Millard Ave & 26th St,Chicago,41.84456685,-87.71591031,11,2015-02-10 11:50:00
444,Albany Ave & 26th St,Chicago,41.84447501,-87.70201301,11,2015-02-10 11:50:00
445,California Ave & 26th St,Chicago,41.84404003,-87.69529592,11,2015-02-10 11:51:00
446,Western Ave & 28th St,Chicago,41.84151771,-87.68513144,11,2015-02-10 11:51:00
447,Glenwood Ave & Morse Ave,Chicago,42.00797192,-87.66550239,15,2015-02-10 12:00:00
448,Warren Park East,Chicago,42.00454962,-87.68066615,15,2015-02-10 14:02:00
449,Clark St & Columbia Ave,Chicago,42.00445063,-87.67240240000001,15,2015-02-10 14:02:00
450,Warren Park West,Chicago,42.001785,-87.688829,15,2015-02-10 14:03:00
451,Sheridan Rd & Loyola Ave,Chicago,42.00104378,-87.66119824,15,2015-02-10 14:03:00
452,Western Ave & Granville Ave,Chicago,41.99416137,-87.68943828,15,2015-02-10 14:03:00
453,Clark St & Schreiber Ave,Chicago,41.99925182,-87.67137734,15,2015-02-10 14:03:00
454,Broadway & Granville Ave,Chicago,41.99477969,-87.66028453,15,2015-02-10 14:04:00
455,Maplewood Ave & Peterson Ave,Chicago,41.99023603,-87.69336964,15,2015-02-10 14:04:00
456,2112 W Peterson Ave,Chicago,41.991178000000005,-87.683593,15,2015-02-10 14:04:00
457,Clark St & Elmdale Ave,Chicago,41.99089375,-87.66958340000001,19,2015-02-10 14:04:00
458,Broadway & Thorndale Ave,Chicago,41.98974251,-87.66014062,19,2015-02-10 14:05:00
459,Lakefront Trail & Bryn Mawr Ave,Chicago,41.984036700000004,-87.65231047,19,2015-02-10 14:05:00
460,Clark St & Bryn Mawr Ave,Chicago,41.983593,-87.669154,15,2015-02-10 14:05:00
461,Broadway & Ridge Ave,Chicago,41.98404461,-87.66027383,15,2015-02-10 14:05:00
462,Ravenswood Ave & Balmoral Ave,Chicago,41.97977022,-87.67581473,15,2015-02-10 14:06:00
463,Clark St & Berwyn Ave,Chicago,41.97799665,-87.6680471,19,2015-02-10 14:06:00
464,Damen Ave & Foster Ave,Chicago,41.975614799999995,-87.67945904,15,2015-02-10 14:06:00
465,Marine Dr & Ainslie St,Chicago,41.9716,-87.650154,23,2015-02-10 14:06:00
466,Ridge Blvd & Touhy Ave,Chicago,42.01213228,-87.68291264,15,2015-02-10 14:11:00
467,Western Ave & Lunt Ave,Chicago,42.00859439999999,-87.69049224,15,2015-02-10 14:11:00
468,Budlong Woods Library,Chicago,41.98366471,-87.69642256,15,2015-02-10 14:12:00
469,St. Louis Ave & Balmoral Ave,Chicago,41.98039423,-87.71611496,15,2015-02-10 14:36:00
470,Kedzie Ave & Foster Ave,Chicago,41.975671999999996,-87.709261,15,2015-02-10 14:36:00
471,Francisco Ave & Foster Ave,Chicago,41.97563273,-87.70141944,15,2015-02-10 14:36:00
472,Lincoln Ave & Winona St,Chicago,41.974911299999995,-87.69250256,15,2015-02-10 14:36:00
474,Christiana Ave & Lawrence Ave,Chicago,41.96835449,-87.71183067,15,2015-02-10 14:37:00
475,Washtenaw Ave & Lawrence Ave,Chicago,41.968987,-87.696027,15,2015-02-10 14:38:00
476,Kedzie Ave & Leland Ave,Chicago,41.96668636,-87.70805198,15,2015-02-10 14:38:00
477,Manor Ave & Leland Ave,Chicago,41.96631753,-87.70108268,11,2015-02-10 14:38:00
478,Rockwell St & Eastwood Ave,Chicago,41.96590014,-87.69363849,15,2015-02-10 14:38:00
479,Drake Ave & Montrose Ave,Chicago,41.96115408,-87.71656907,15,2015-02-10 14:38:00
480,Albany Ave & Montrose Ave,Chicago,41.961040999999994,-87.705866,15,2015-02-10 14:39:00
481,California Ave & Montrose Ave,Chicago,41.961068,-87.69543900000001,15,2015-02-10 14:39:00
482,Campbell Ave & Montrose Ave,Chicago,41.96152593,-87.69116504,15,2015-02-10 14:39:00
483,Avondale Ave & Irving Park Rd,Chicago,41.953393,-87.73200200000001,19,2015-02-10 14:39:00
484,Monticello Ave & Irving Park Rd,Chicago,41.95400484,-87.71912818,15,2015-02-10 14:39:00
485,Sawyer Ave & Irving Park Rd,Chicago,41.95358618,-87.7093108,15,2015-02-10 14:40:00
486,Oakley Ave & Irving Park Rd,Chicago,41.95434085,-87.68607962,15,2015-02-10 14:40:00
487,California Ave & Byron St,Chicago,41.95216219,-87.69805111,19,2015-02-10 14:40:00
488,Pulaski Rd & Eddy St,Chicago,41.94563644,-87.72773681,11,2015-02-10 14:40:00
489,Drake Ave & Addison St,Chicago,41.947326000000004,-87.717582,15,2015-02-10 14:41:00
490,Troy St & Elston Ave,Chicago,41.94524357,-87.7066499,15,2015-02-10 14:41:00
491,Talman Ave & Addison St,Chicago,41.94663583,-87.69461476,15,2015-02-10 14:41:00
492,Leavitt St & Addison St,Chicago,41.946655,-87.683359,15,2015-02-10 14:41:00
493,Oakley Ave & Roscoe St,Chicago,41.942916,-87.685801,15,2015-02-10 14:42:00
494,Kedzie Ave & Bryn Mawr Ave,Chicago,41.98239708,-87.70892252,15,2015-02-10 14:42:00
495,Keystone Ave & Montrose Ave,Chicago,41.96110802,-87.72897009999998,15,2015-02-10 14:42:00
496,Avers Ave & Belmont Ave,Chicago,41.939408,-87.723574,11,2015-02-10 14:47:00
497,Kimball Ave & Belmont Ave,Chicago,41.939398,-87.711561,23,2015-02-10 14:47:00
498,California Ave & Fletcher St,Chicago,41.93842879,-87.69800776,19,2015-02-10 14:47:00
499,Kosciuszko Park,Chicago,41.93058537,-87.72377736,15,2015-02-10 14:48:00
500,Central Park Ave & Elbridge Ave,Chicago,41.93533728,-87.71688929,15,2015-02-10 14:48:00
501,Richmond St & Diversey Ave,Chicago,41.93190197,-87.70119513,15,2015-02-10 14:48:00
502,California Ave & Altgeld St,Chicago,41.92669,-87.69766800000001,15,2015-02-10 14:48:00
503,Drake Ave & Fullerton Ave,Chicago,41.92439882,-87.71544104,15,2015-02-10 14:49:00
504,Campbell Ave & Fullerton Ave,Chicago,41.92463247,-87.68930701,15,2015-02-10 14:49:00
505,Winchester Ave & Elston Ave,Chicago,41.92409085,-87.67646007,15,2015-02-10 14:49:00
506,Spaulding Ave & Armitage Ave,Chicago,41.91718375,-87.71035665,15,2015-02-10 14:50:00
507,Humboldt Blvd & Armitage Ave,Chicago,41.91751339,-87.70180896,19,2015-02-10 14:50:00
508,Central Park Ave & North Ave,Chicago,41.90965688,-87.71663195,15,2015-02-10 14:50:00
509,Troy St & North Ave,Chicago,41.909769299999994,-87.70528049,15,2015-02-10 14:50:00
510,Spaulding Ave & Division St,Chicago,41.90270659,-87.70921957,15,2015-02-10 14:51:00
511,Albany Ave & Bloomingdale Ave,Chicago,41.91402671,-87.70512646,15,2015-02-10 14:51:00
514,Ridge Blvd & Howard St,Chicago,42.019276,-87.68451999999999,15,2016-05-12 17:35:00
515,Paulina St & Howard St,Chicago,42.019159,-87.673573,23,2016-05-12 17:36:00
517,Clark St & Jarvis Ave,Chicago,42.015963,-87.675005,15,2016-05-12 17:38:00
518,Conservatory Dr & Lake St,Chicago,41.885502,-87.71686600000001,15,2016-05-24 15:32:00
519,Wolcott Ave & Fargo Ave,Chicago,42.016977000000004,-87.677725,11,2016-05-24 15:40:00
520,Greenview Ave & Jarvis Ave,Chicago,42.015962,-87.66856999999999,23,2016-05-24 15:41:00
522,Bosworth Ave & Howard St,Chicago,42.019537,-87.669563,15,2016-05-24 15:43:00
523,Eastlake Ter & Rogers Ave,Chicago,42.021019,-87.665086,15,2016-05-24 15:44:00
524,Austin Blvd & Chicago Ave,Chicago,41.894887,-87.774704,11,2016-05-24 15:45:00
525,Glenwood Ave & Touhy Ave,Chicago,42.012701,-87.66605799999999,15,2016-05-24 15:47:00
526,Oakley Ave & Touhy Ave,Chicago,42.012342,-87.688243,15,2016-05-24 15:48:00
527,Western Ave & Howard St,Chicago,42.018901,-87.690048,19,2016-05-24 15:49:00
528,Pulaski Rd & Lake St,Chicago,41.885409,-87.72649100000001,15,2016-05-24 15:50:00
529,Cicero Ave & Lake St,Chicago,41.886841,-87.745261,15,2016-05-27 08:35:00
530,Laramie Ave & Kinzie St,Chicago,41.887832,-87.755527,15,2016-05-27 08:37:00
531,Central Ave & Lake St,Chicago,41.887664,-87.765469,15,2016-05-27 08:38:00
532,Austin Blvd & Lake St,Chicago,41.887919000000004,-87.774446,15,2016-05-27 08:38:00
533,Central Park Blvd & 5th Ave,Chicago,41.875679,-87.71547,15,2016-05-27 08:40:00
534,Pulaski Rd & Madison St,Chicago,41.880827000000004,-87.726279,15,2016-05-27 08:41:00
535,Pulaski Rd & Congress Pkwy,Chicago,41.874325,-87.72570400000001,15,2016-05-27 08:41:00
536,Kostner Ave & Lake St,Chicago,41.885928,-87.73541,15,2016-05-27 08:42:00
537,Kenton Ave & Madison St,Chicago,41.880708,-87.74101800000001,15,2016-05-27 08:43:00
538,Cicero Ave & Flournoy St,Chicago,41.872131,-87.746619,15,2016-05-27 08:43:00
539,Cicero Ave & Quincy St,Chicago,41.877613000000004,-87.745405,15,2016-05-27 08:44:00
540,Laramie Ave & Madison St,Chicago,41.880207,-87.755337,15,2016-05-27 08:46:00
541,Central Ave & Harrison St,Chicago,41.872993,-87.764499,15,2016-05-27 08:49:00
542,Central Ave & Madison St,Chicago,41.880121,-87.763238,15,2016-05-27 09:03:00
543,Laramie Ave & Gladys Ave,Chicago,41.875806,-87.755285,15,2016-05-27 09:04:00
544,Austin Blvd & Madison St,Chicago,41.880281,-87.77445300000001,15,2016-05-27 09:05:00
545,Kostner Ave & Adams St,Chicago,41.877917,-87.735737,15,2016-05-27 09:05:00
546,Damen Ave & Pershing Rd,Chicago,41.823192,-87.676597,11,2016-05-27 09:13:00
547,Ashland Ave & Pershing Rd,Chicago,41.823465,-87.665577,11,2016-05-27 09:24:00
548,Morgan St & Pershing Rd,Chicago,41.823613,-87.650931,11,2016-05-27 09:25:00
549,Marshfield Ave & 44th St,Chicago,41.813996,-87.666589,11,2016-05-27 09:25:00
550,Central Ave & Chicago Ave,Chicago,41.894958,-87.764902,11,2016-05-27 09:25:00
551,Hoyne Ave & 47th St,Chicago,41.808227,-87.67718,11,2016-05-27 09:29:00
552,Ashland Ave & McDowell Ave,Chicago,41.80887,-87.66454,11,2016-05-27 09:30:00
553,Elizabeth St & 47th St,Chicago,41.80839,-87.656526,11,2016-05-27 10:03:00
554,Damen Ave & 51st St,Chicago,41.800908,-87.674684,11,2016-05-27 10:15:00
555,Ashland Ave & 50th St,Chicago,41.803022999999996,-87.664699,11,2016-05-27 10:16:00
556,Throop St & 52nd St,Chicago,41.799659000000005,-87.657195,11,2016-05-27 10:48:00
557,Seeley Ave & Garfield Blvd,Chicago,41.794087,-87.675478,11,2016-05-27 10:48:00
558,Ashland Ave & Garfield Blvd,Chicago,41.792821999999994,-87.664429,11,2016-05-27 10:49:00
559,Racine Ave & Garfield Blvd,Chicago,41.794228000000004,-87.655073,11,2016-05-27 10:49:00
560,Marshfield Ave & 59th St,Chicago,41.786833,-87.66621500000001,11,2016-05-27 10:50:00
561,Damen Ave & 59th St,Chicago,41.78602,-87.67416700000001,11,2016-05-27 10:50:00
562,Racine Ave & 61st St,Chicago,41.783189,-87.654372,11,2016-05-27 10:51:00
563,Ashland Ave & 63rd St,Chicago,41.779374,-87.664843,15,2016-05-27 10:51:00
564,Racine Ave & 65th St,Chicago,41.775393,-87.654308,11,2016-05-27 10:52:00
565,Ashland Ave & 66th St,Chicago,41.774074,-87.663815,11,2016-05-27 10:52:00
566,Ashland Ave & 69th St,Chicago,41.768726,-87.664069,11,2016-05-27 10:53:00
567,May St & 69th St,Chicago,41.768938,-87.652934,11,2016-05-27 10:53:00
568,Normal Ave & 72nd St,Chicago,41.763462,-87.637297,11,2016-05-27 10:54:00
569,Woodlawn Ave & 75th St,Chicago,41.759159999999994,-87.595751,15,2016-05-27 10:54:00
570,Evans Ave & 75th St,Chicago,41.758308,-87.606685,11,2016-05-27 10:55:00
571,Vernon Ave & 75th St,Chicago,41.758361,-87.614138,11,2016-05-27 10:55:00
572,State St & 76th St,Chicago,41.756971,-87.62462099999999,11,2016-05-27 10:56:00
573,State St & 79th St,Chicago,41.750794,-87.624424,15,2016-05-27 10:56:00
574,Eberhart (Vernon) Ave & 79th St,Chicago,41.751345,-87.61256800000001,11,2016-05-27 10:57:00
575,Cottage Grove Ave & 78th St,Chicago,41.753174,-87.605026,11,2016-05-27 10:57:00
576,Greenwood Ave & 79th St,Chicago,41.751294,-87.59755200000001,15,2016-05-27 11:29:00
577,Stony Island Ave & South Chicago Ave,Chicago,41.751173,-87.585337,11,2016-05-27 11:31:00
578,Bennett Ave & 79th St,Chicago,41.751785,-87.578496,11,2016-05-27 11:31:00
579,Phillips Ave & 79th St,Chicago,41.75182,-87.565211,11,2016-05-27 11:32:00
580,Exchange Ave & 79th St,Chicago,41.751731,-87.552812,15,2016-05-27 11:32:00
581,Commercial Ave & 83rd St,Chicago,41.744607,-87.551201,0,2016-05-27 11:33:00
582,Phillips Ave & 83rd St,Chicago,41.744688000000004,-87.566066,0,2016-05-27 11:34:00
583,Stony Island Ave & 82nd St,Chicago,41.746559000000005,-87.586005,11,2016-05-27 11:34:00
584,Ellis Ave & 83rd St,Chicago,41.744122999999995,-87.599034,15,2016-05-27 11:35:00
585,Cottage Grove Ave & 83rd St,Chicago,41.744053,-87.604786,11,2016-05-27 11:36:00
586,MLK Jr Dr & 83rd St,Chicago,41.743116,-87.6148,11,2016-05-27 11:36:00
587,Wabash Ave & 83rd St,Chicago,41.743316,-87.622849,11,2016-05-27 11:37:00
588,South Chicago Ave & 83rd St,Chicago,41.743921,-87.575225,11,2016-05-27 11:38:00
589,Milwaukee Ave & Cuyler Ave,Chicago,41.954468,-87.74959399999999,15,2016-05-27 11:39:00
590,Kilbourn Ave & Irving Park Rd,Chicago,41.953733,-87.740569,15,2016-05-27 11:39:00
591,Kilbourn Ave & Milwaukee Ave,Chicago,41.948818,-87.74002,23,2016-05-27 11:40:00
592,Knox Ave & Montrose Ave,Chicago,41.960631,-87.745359,15,2016-05-27 11:40:00
593,Halsted St & 59th St,Chicago,41.787539,-87.644874,11,2016-05-27 11:41:00
594,Western Blvd & 48th Pl,Chicago,41.805661,-87.683392,15,2016-05-27 11:42:00
595,Wabash Ave & 87th St,Chicago,41.736646,-87.62263399999999,15,2016-05-27 11:42:00
596,Benson Ave & Church St,Evanston,42.048214,-87.683485,15,2016-06-14 11:00:00
597,Chicago Ave & Washington St,Evanston,42.032562,-87.679101,15,2016-06-14 11:01:00
598,Elmwood Ave & Austin St,Evanston,42.025784,-87.684107,15,2016-06-14 11:02:00
599,Valli Produce - Evanston Plaza,Evanston,42.039742,-87.699413,15,2016-06-14 11:03:00
600,Dodge Ave & Church St,Evanston,42.048308,-87.698224,15,2016-06-14 11:03:00
601,Central St Metra,Evanston,42.063598,-87.69873,15,2016-06-14 11:04:00
602,Central St & Girard Ave,Evanston,42.064313,-87.686152,15,2016-06-14 11:04:00
603,Chicago Ave & Sheridan Rd,Evanston,42.050491,-87.677821,15,2016-06-14 11:05:00
604,Sheridan Rd & Noyes St (NU),Evanston,42.058239,-87.677432,15,2016-06-14 11:05:00
605,University Library (NU),Evanston,42.052939,-87.673447,15,2016-06-14 11:06:00
606,Forest Ave & Chicago Ave,Oak Park,41.894355,-87.80022,19,2016-06-23 12:21:00
607,Cuyler Ave & Augusta St,Oak Park,41.898168,-87.783055,11,2016-06-23 12:22:00
608,Humphrey Ave & Ontario St,Oak Park,41.890249,-87.778281,11,2016-06-23 12:23:00
609,Forest Ave & Lake St,Oak Park,41.888909999999996,-87.800255,15,2016-06-23 12:23:00
610,Marion St & South Blvd,Oak Park,41.88681,-87.80287,19,2016-06-23 12:24:00
611,Oak Park Ave & South Blvd,Oak Park,41.886922999999996,-87.793899,19,2016-06-23 12:25:00
612,Ridgeland Ave & Lake St,Oak Park,41.888085,-87.785236,15,2016-06-23 12:25:00
613,Wisconsin Ave & Madison St (Temp),Oak Park,41.879902,-87.803911,11,2016-06-23 12:26:00
614,East Ave & Madison St,Oak Park,41.880113,-87.789247,15,2016-06-23 12:26:00
615,Lombard Ave & Madison St,Oak Park,41.87981,-87.779425,15,2016-06-23 12:27:00
616,Oak Park Ave & Harrison St,Oak Park,41.872987,-87.793945,19,2016-06-23 12:27:00
617,East Ave & Garfield St,Oak Park,41.871311999999996,-87.788938,15,2016-06-23 12:27:00
618,Lombard Ave & Garfield St,Oak Park,41.870699,-87.778797,19,2016-06-23 12:28:00
619,Keystone Ave & Fullerton Ave,Chicago,41.924361,-87.727752,15,2016-07-07 16:46:00
620,Orleans St & Chestnut St (NEXT Apts),Chicago,41.898203,-87.637536,15,2016-07-07 16:46:00
622,California Ave & Cortez St,Chicago,41.900363,-87.696704,15,2017-04-27 09:17:00
623,Michigan Ave & 8th St,Chicago,41.872772999999995,-87.623981,31,2017-06-13 15:23:00
624,Dearborn St & Van Buren St (*),Chicago,41.876267999999996,-87.62915500000001,16,2017-07-26 21:25:00
625,Chicago Ave & Dempster St,Evanston,42.041691,-87.680687,15,2017-08-11 16:53:00
626,Delano Ct & Roosevelt Rd,Chicago,41.867490999999994,-87.63219000000001,19,2017-12-21 22:06:00
